<?xml version="1.0" encoding="UTF-8"?>
<custom_attribute bgcolor="255,255,204" name="IRule" num_columns="1" num_frozen_columns="0" order="-1" show_in_portal="false" symbol="IRule - Med Demo" visible_everywhere="false">
    <section title="Rule Properties">
        <attribute symbol="SA_1"/>
        <attribute symbol="SA_3"/>
        <attribute symbol="SA_4"/>
    </section>
    <section title="Rule Diagnostics">
        <attribute symbol="Rule Diagnostics Summary"/>
        <attribute symbol="Rule Collision Status"/>
    </section>
    <section title="Rule Source Objects Properties">
        <attribute symbol="Rule Source Objects Condition"/>
        <attribute symbol="Rule Source Object Allocates"/>
        <attribute symbol="SA_8"/>
        <attribute symbol="Rule Rate Attribute Symbol"/>
        <attribute symbol="SA_59"/>
        <attribute symbol="SA_55"/>
        <attribute symbol="Rule Capacity Attribute Symbol"/>
    </section>
    <section title="Rule Destination Object Properties">
        <attribute symbol="Rule Destination Objects Condition"/>
        <attribute symbol="Rule Destination Allocation Value"/>
    </section>
    <section title="Rule Driver Properties">
        <attribute symbol="SA_71"/>
        <attribute symbol="SA_72"/>
        <attribute symbol="SA_65"/>
        <attribute symbol="SA_66"/>
    </section>
    <section title="Rule Idle Behavior Properties">
        <attribute symbol="Rule Residue Destination Object Condition"/>
        <attribute symbol="Rule Residue Default Value"/>
    </section>
</custom_attribute>
